"0","glimpse(encuesta)"
"1","Rows: 87"
"1",""
"1","
"
"1","Columns: 44"
"1",""
"1","
"
"1","$ Respuesta                                                                   [3m[38;5;246m<int>[39m[23m 2439, 2‚Ä¶
$ Enviado.el.                                                                 [3m[38;5;246m<dttm>[39m[23m 2021-0‚Ä¶
$ Q01_Genero                                                                  [3m[38;5;246m<fct>[39m[23m 1 : Mas‚Ä¶
$ Q02_FechaNac                                                                [3m[38;5;246m<date>[39m[23m 1997-0‚Ä¶
$ Q03_Carrera                                                                 [3m[38;5;246m<fct>[39m[23m 1 : Mat‚Ä¶
$ Q04_Semestre                                                                [3m[38;5;246m<dbl>[39m[23m 7.0, 5.‚Ä¶
$ Q05_Saber11                                                                 [3m[38;5;246m<dbl>[39m[23m 420, 34‚Ä¶
$ Q06_PercentilSaber11                                                        [3m[38;5;246m<dbl>[39m[23m 3.0, 90‚Ä¶
$ Q07_FechaSaber11                                                            [3m[38;5;246m<date>[39m[23m 2014-0‚Ä¶
$ Q08_PAPA                                                                    [3m[38;5;246m<dbl>[39m[23m 3.7, 3.‚Ä¶
$ Q09_EnAreaMetropolitana                                                     [3m[38;5;246m<int>[39m[23m 1, 1, 1‚Ä¶
$ Q10_Estrato                                                                 [3m[38;5;246m<fct>[39m[23m Medio, ‚Ä¶
$ Q11_R                                                                       [3m[38;5;246m<int>[39m[23m 1, 1, 0‚Ä¶
$ Q12_RStudio                                                                 [3m[38;5;246m<int>[39m[23m 1, 1, 1‚Ä¶
$ Q13_NoRoRStudio                                                             [3m[38;5;246m<fct>[39m[23m , , , ,‚Ä¶
$ Q14_RecursosInformaticos..Internet.de.cable.propio                          [3m[38;5;246m<int>[39m[23m 0, 1, 1‚Ä¶
$ Q14_RecursosInformaticos..Internet.de.cable.no.propio                       [3m[38;5;246m<int>[39m[23m 0, 0, 0‚Ä¶
$ Q14_RecursosInformaticos..Wifi.propio                                       [3m[38;5;246m<int>[39m[23m 1, 1, 1‚Ä¶
$ Q14_RecursosInformaticos..Wifi.no.propio                                    [3m[38;5;246m<int>[39m[23m 1, 0, 0‚Ä¶
$ Q14_RecursosInformaticos..Celular.sin.datos                                 [3m[38;5;246m<int>[39m[23m 1, 0, 0‚Ä¶
$ Q14_RecursosInformaticos..Celular.con.datos                                 [3m[38;5;246m<int>[39m[23m 0, 1, 1‚Ä¶
$ Q14_RecursosInformaticos..Port√°til.propio                                   [3m[38;5;246m<int>[39m[23m 0, 1, 1‚Ä¶
$ Q14_RecursosInformaticos..Port√°til.no.propio                                [3m[38;5;246m<int>[39m[23m 1, 0, 0‚Ä¶
$ Q14_RecursosInformaticos..Computador.de.escritorio.propio.y.exclusivo       [3m[38;5;246m<int>[39m[23m 0, 0, 0‚Ä¶
$ Q14_RecursosInformaticos..Computador.de.escritorio.no.propio.pero.exclusivo [3m[38;5;246m<int>[39m[23m 0, 0, 0‚Ä¶
$ Q14_RecursosInformaticos..Computador.propio..pero.no.exclusivo              [3m[38;5;246m<int>[39m[23m 0, 0, 0‚Ä¶
$ Q14_RecursosInformaticos..Computador.de.escritorio.ni.propio.ni.exclusivo   [3m[38;5;246m<int>[39m[23m 1, 0, 0‚Ä¶
$ Q14_RecursosInformaticos..Tablet.sin.datos                                  [3m[38;5;246m<int>[39m[23m 0, 0, 0‚Ä¶
$ Q14_RecursosInformaticos..Tablet.con.datos.                                 [3m[38;5;246m<int>[39m[23m 0, 0, 0‚Ä¶
$ Q15_Alunizaje                                                               [3m[38;5;246m<int>[39m[23m 0, 0, 0‚Ä¶
$ Q16_EspionajeInternet                                                       [3m[38;5;246m<int>[39m[23m 1, 1, 1‚Ä¶
$ Q17_Experimentos                                                            [3m[38;5;246m<int>[39m[23m 1, 0, 1‚Ä¶
$ Q18_Vacunas                                                                 [3m[38;5;246m<int>[39m[23m 0, 0, 0‚Ä¶
$ Q19_EvidenciaFalsa                                                          [3m[38;5;246m<int>[39m[23m 1, 1, 1‚Ä¶
$ Q20_RafagasSolares                                                          [3m[38;5;246m<int>[39m[23m 0, 0, 1‚Ä¶
$ Q21_TierraHueca                                                             [3m[38;5;246m<int>[39m[23m 0, 0, 0‚Ä¶
$ Q22_alienigenas                                                             [3m[38;5;246m<int>[39m[23m 0, 0, 0‚Ä¶
$ Q23_CambioClimatico                                                         [3m[38;5;246m<int>[39m[23m 0, 0, 0‚Ä¶
$ Q24_area                                                                    [3m[38;5;246m<fct>[39m[23m 4 : 4*p‚Ä¶
$ Q25_PorcentArea                                                             [3m[38;5;246m<dbl>[39m[23m 45, 70,‚Ä¶
$ Q26_Divisor..f.es.divisor.de.g.2.                                           [3m[38;5;246m<int>[39m[23m 1, 1, 1‚Ä¶
$ Q26_Divisor..f.es.divisor.de.gh.                                            [3m[38;5;246m<int>[39m[23m 1, 1, 1‚Ä¶
$ Q26_Divisor..f.es.divisor.de.h.g                                            [3m[38;5;246m<int>[39m[23m 0, 0, 0‚Ä¶
$ Q27_PorcentDivisor                                                          [3m[38;5;246m<dbl>[39m[23m 35, 90,‚Ä¶"
"1",""
"1","
"
